frame_index,elapsed_s,phase,is_warmup,capture_ms,preprocess_ms,inference_ms,postprocess_draw_ms,display_wait_ms,total_frame_ms,top_label,top_confidence,detection_pass,expected_label,expected_match,drawn_count
0,6.67572021484375e-06,warmup,True,210.60314300120808,2.8122259991505416,73.16454400097427,0.014351000572787598,31.793816000572406,321.00123400050506,Paper,0.3981345295906067,False,none,False,0
1,0.3210270404815674,warmup,True,0.3191839987266576,3.9136840005085105,77.00732000012067,0.011148000339744613,11.235014999328996,92.66503599974385,Paper,0.4441891014575958,False,none,False,0
2,0.4137098789215088,warmup,True,0.2097770011459943,2.9532070002460387,75.2992739999172,0.01107400021282956,12.25238099868875,90.88811900073779,Paper,0.4129469096660614,False,none,False,0
3,0.504615068435669,warmup,True,0.1800359987100819,1.8701940007304074,72.35765999939758,0.011223000910831615,11.290997001196956,85.8831999994436,Paper,0.527416467666626,False,none,False,0
4,0.5905144214630127,warmup,True,18.032701998890843,1.668806000452605,73.3800620000693,0.010703999578254297,11.257348000071943,104.52456600069127,Paper,0.5313608646392822,False,none,False,0
5,0.6950571537017822,warmup,True,0.20672099890362006,1.6964909991656896,68.34592100130976,0.011259000530117191,11.296053000478423,81.72729700163472,Paper,0.5439579486846924,False,none,False,0
6,0.7768011093139648,warmup,True,31.78405600010592,1.6933429997152416,68.15610699959507,0.010518999260966666,12.302806999286986,114.12360800022725,Paper,0.5399929285049438,False,none,False,0
7,0.8909406661987305,warmup,True,0.20285100072214846,1.7271569995500613,68.17121900166967,0.010722000297391787,11.276571000053082,81.55588999943575,Paper,0.5491904020309448,False,none,False,0
8,0.9725134372711182,warmup,True,36.06297900114441,1.6918250003072899,68.01170099970477,0.010591998943709768,11.276533999989624,117.22942599953967,Paper,0.5648471117019653,False,none,False,0
9,1.0897600650787354,warmup,True,0.22036900008970406,2.149969999663881,68.06729299933068,0.01081400114344433,11.25696000053722,84.41720799964969,Paper,0.6754192113876343,False,none,False,0
10,1.1741933822631836,warmup,True,34.39317300035327,1.712806000796263,68.10769999901822,0.2601829983177595,12.277121000806801,116.91307599903666,Paper,0.789324164390564,True,none,False,2
11,1.2911229133605957,warmup,True,0.19144399993820116,1.6823620007926365,68.04549699882045,0.15264699868566822,11.249571000007563,81.45426099872566,Paper,0.9519219398498535,True,none,False,1
12,1.372593879699707,warmup,True,32.04679600094096,1.695843000561581,68.68829000086407,0.15272200107574463,11.258405000262428,113.98083199856046,Paper,0.9276377558708191,True,none,False,1
13,1.4865903854370117,warmup,True,0.20368399964354467,1.6961389992502518,68.14512600067246,0.010888999895541929,11.257645001023775,81.47998200001894,Paper,0.6914663314819336,False,none,False,0
14,1.568087100982666,warmup,True,36.51497600003495,1.6874359989742516,68.26360699960787,0.187276998985908,11.244033999901148,118.03466200035473,Paper,0.9366297721862793,True,none,False,1
15,1.6861374378204346,warmup,True,0.17990700143855065,1.7238060008821776,67.70868400053587,0.18566499966254923,11.242497001148877,81.17731799939065,Paper,0.8592798709869385,True,none,False,1
16,1.7673311233520508,warmup,True,37.27950899883581,1.6878429996722843,68.16045999948983,0.010907999239861965,12.332379999861587,119.64022899883275,Paper,0.4032975733280182,False,none,False,0
17,1.886988639831543,warmup,True,0.19466499907139223,1.6902689985727193,68.05820100089477,0.1577399998495821,12.292491001062444,82.52206999895861,Paper,0.753032922744751,True,none,False,1
18,1.969526767730713,warmup,True,35.093742999379174,1.7111399993154919,67.85066500015091,0.15242499830492307,11.251849000473158,116.19933899964963,Paper,0.971267580986023,True,none,False,1
19,2.0857419967651367,warmup,True,0.18423900110065006,1.7910280002979562,68.09094100026414,0.010740999641711824,11.270904000411974,83.95048800048244,Paper,0.35233309864997864,False,none,False,0
20,2.1697089672088623,warmup,True,34.93063300084032,2.31274699945061,68.00453500000003,0.010370000381954014,12.304546999075683,117.73471900050936,Paper,0.3485000729560852,False,none,False,0
21,2.2874605655670166,warmup,True,0.18883200027630664,1.6956199997366639,67.91923899982066,0.1532400001451606,11.2455519993091,81.33852100036165,Rock,0.8370110988616943,True,none,False,1
22,2.3688156604766846,warmup,True,31.830185998842353,1.6974730006040772,68.29314400056319,0.010166999345528893,11.25073799994425,113.28953900010674,Scissors,0.5299293994903564,False,none,False,0
23,2.4821219444274902,warmup,True,0.1928509991557803,1.7285470003116643,68.21786599903135,0.009888999557006173,11.291423001239309,81.62038999944343,Scissors,0.4149237871170044,False,none,False,0
24,2.5637588500976562,warmup,True,36.900122999213636,1.7030470007739495,68.12177400024666,0.011537000318639912,12.330028001088067,119.2381380005827,Paper,0.46092841029167175,False,none,False,0
25,2.683014392852783,warmup,True,0.18716499835136347,1.7265469996345928,67.87685000017518,0.010907999239861965,11.259405000600964,81.23157699992589,Paper,0.4732581377029419,False,none,False,0
26,2.7642626762390137,warmup,True,36.39842200027488,1.7001579999487149,67.91957200039178,0.01020399940898642,11.261144998570671,117.46075799965183,Paper,0.43228474259376526,False,none,False,0
27,2.881739854812622,warmup,True,0.19377600074221846,1.7406210008630296,67.85325700002431,0.011611000445554964,11.267978999967454,81.23644700026489,Scissors,0.5746028423309326,False,none,False,0
28,2.9629921913146973,warmup,True,37.68252599911648,1.7116020007961197,68.01562699911301,0.010777001079986803,11.274071001025732,118.86819500068668,Paper,0.6509681940078735,False,none,False,0
29,3.081876516342163,warmup,True,0.18018499940808397,2.1748590006609447,68.03536699953838,0.012425000022631139,11.259553000854794,84.28174600157945,Rock,0.5517756938934326,False,none,False,0
30,3.1661736965179443,warmup,True,30.517526000039652,1.6967139999906067,67.9280900003505,0.1488699999754317,12.293399000554928,112.72104199997557,Rock,0.7374758720397949,True,none,False,1
31,3.2789111137390137,warmup,True,0.1820739998947829,1.7162320000352338,68.04112700046971,0.14705500143463723,12.294621001274209,82.51438499974029,Rock,0.7148355841636658,True,none,False,1
32,3.3614416122436523,warmup,True,35.251482999228756,1.7060280006262474,67.9329049999069,0.16938800035859458,12.328732000241871,117.52298000101291,Scissors,0.712652325630188,True,none,False,1
33,3.4789819717407227,warmup,True,0.19372099995962344,1.7028060010488844,67.90731299952313,0.14166599976306316,11.273570999037474,81.35287199911545,Rock,0.7062240839004517,True,none,False,1
34,3.5603513717651367,warmup,True,36.348051000459236,1.699806000033277,68.04575599926466,0.22418399930757005,12.26436199976888,118.74949199955154,Scissors,0.7162184715270996,True,none,False,2
35,3.679116725921631,warmup,True,0.18135099890059792,1.7200649999722373,69.674340000347,0.1437579994671978,11.255699999310309,83.14599200093653,Rock,0.7163649201393127,True,none,False,1
36,3.762277841567993,warmup,True,34.43545099980838,1.717787999950815,67.94192300003488,0.010721998478402384,11.267182000665343,115.543546000481,Scissors,0.6814790368080139,False,none,False,0
37,3.877837896347046,warmup,True,0.18909200116468128,1.7610279992368305,68.04342299983546,0.2252769991173409,11.251923000600073,81.60668500022439,Scissors,0.713326096534729,True,none,False,2
38,3.9594600200653076,warmup,True,33.26669700072671,1.7174169988720678,67.67005500114465,0.1722209999570623,12.289805999898817,115.25656600133516,Scissors,0.7176893949508667,True,none,False,1
39,4.074732542037964,warmup,True,0.18188799913332332,1.8636019995028619,67.94047900075384,0.010666999514796771,11.25708899962774,83.79761900141602,Scissors,0.6948549747467041,False,none,False,0
40,4.1585469245910645,warmup,True,34.20598899901961,2.3260809994098963,68.16590400012501,0.009981000403058715,11.251755999182933,116.13626500002283,Scissors,0.6917895674705505,False,none,False,0
41,4.274700880050659,warmup,True,0.19910999981220812,1.735916999678011,68.04570100030105,0.15079600052558817,12.296046999836108,82.5643289990694,Paper,0.7086755633354187,True,none,False,1
42,4.357280969619751,warmup,True,35.45922299963422,1.712565001071198,68.42706899988116,0.16525800128874835,11.243478000324103,117.14683300124307,Scissors,0.7090149521827698,True,none,False,1
43,4.4744439125061035,warmup,True,0.1890359999379143,1.7279540006711613,67.80081299984886,0.010648000170476735,11.267273999692407,81.1728540011245,Scissors,0.698413610458374,False,none,False,0
44,4.555633068084717,warmup,True,37.12156600158778,1.7160099996544886,68.22949600064021,0.23544299983768724,12.285324999538716,119.7444120007276,Scissors,0.764555811882019,True,none,False,2
45,4.675395727157593,warmup,True,0.18270300097356085,1.7154170000139857,68.02060799964238,0.1741479991324013,11.248922999584465,81.47483399989142,Scissors,0.7446626424789429,True,none,False,1
46,4.756887197494507,warmup,True,31.882499999483116,1.7088239983422682,68.05846000133897,0.1802770002541365,12.259880000783596,114.22664500059909,Paper,0.8060840368270874,True,none,False,1
47,4.871129512786865,warmup,True,0.18729499970504548,1.7215280004165834,67.66522199905012,0.23297999905480538,11.258312000791193,81.20046600015485,Paper,0.7678290009498596,True,none,False,2
48,4.952345371246338,warmup,True,36.43373599879851,1.7113800004153745,68.18770000063523,0.2625540000735782,12.278640000658925,119.00638000042818,Paper,0.778859555721283,True,none,False,2
49,5.0713677406311035,measure,False,0.18388799981039483,2.214562000517617,67.77579499976127,0.1517770015198039,11.264515000220854,84.10469100090268,Paper,0.7835220098495483,True,none,False,1
50,5.155488014221191,measure,False,33.302121999440715,1.7099169999710284,68.00399700114212,0.010740999641711824,12.312602999372757,115.50835999878473,Scissors,0.5883333683013916,False,none,False,0
51,5.271012783050537,measure,False,0.1910539995151339,1.727508999465499,67.92181299897493,0.01105499904952012,11.254810999162146,81.27828000033333,Paper,0.362246572971344,False,none,False,0
52,5.352308034896851,measure,False,36.48341999905824,1.7161759988084668,67.85346100150491,0.01133399928221479,11.285996999504277,117.52110999987053,Paper,0.4322660565376282,False,none,False,0
53,5.469845533370972,measure,False,0.19357299970579334,1.7625649998080917,68.07579300038924,0.01038899972627405,11.278625999693759,81.48764900033711,Paper,0.5620421171188354,False,none,False,0
54,5.551350355148315,measure,False,37.45425000124669,1.7133799992734566,68.0340899998555,0.010685000233934261,12.323917999310652,119.70895000013115,Paper,0.49758413434028625,False,none,False,0
55,5.671075344085693,measure,False,0.1815169998735655,1.720991000183858,67.61992599967925,0.010591998943709768,11.260256000241498,80.96670800114225,Paper,0.4542723000049591,False,none,False,0
56,5.752058506011963,measure,False,32.76532900054008,1.7123609995906008,67.99568299902603,0.011037000149372034,12.325288000283763,114.97993699958897,Paper,0.5096817016601562,False,none,False,0
57,5.867054462432861,measure,False,0.1923139989230549,1.7246209990844363,67.99279400001979,0.011184998584212735,11.267386000326951,81.35855799991987,Paper,0.5172114372253418,False,none,False,0
58,5.948429346084595,measure,False,36.392533000253025,1.7337500012217788,68.11186699997052,0.18436900063534267,12.29039900135831,118.84765799914021,Paper,0.8513832688331604,True,none,False,1
59,6.067293405532837,measure,False,0.189183998372755,1.8181569994339952,67.90725700011535,0.01049999991664663,11.255108000113978,83.75215600062802,Paper,0.6522115468978882,False,none,False,0
60,6.151061534881592,measure,False,33.77626900146424,2.3375809996650787,68.04538600044907,0.010461999409017153,11.259312001129729,115.60476700105937,Paper,0.5131827592849731,False,none,False,0
61,6.266682863235474,measure,False,0.1922960000229068,1.7137129998445744,68.06216400036647,0.01137000072048977,11.281163000603556,81.43463099986548,Paper,0.5523415803909302,False,none,False,0
62,6.34813380241394,measure,False,36.70978999980434,1.7174360000353772,68.14449599914951,0.011333000657032244,11.25712700013537,118.04334699991159,Paper,0.37439242005348206,False,none,False,0
63,6.466193199157715,measure,False,0.19610999879660085,1.7498800007160753,67.96547900012229,0.010628999007167295,11.291810998955043,81.38176100146666,Paper,0.41044291853904724,False,none,False,0
64,6.547590732574463,measure,False,33.266567001192016,1.7183800009661354,68.16512600016722,0.010814999768626876,11.25023699933081,114.60034700030519,Paper,0.4463317096233368,False,none,False,0
65,6.6622090339660645,measure,False,0.1819989993236959,1.74028699984774,68.00268300139578,0.010462999853189103,11.272756000835216,81.38155699998606,Paper,0.41491442918777466,False,none,False,0
66,6.743606805801392,measure,False,37.26393499891856,1.726251000945922,68.19755200012878,0.01079600042430684,11.260774999755085,118.62880700027745,Rock,0.48261845111846924,False,none,False,0
67,6.86225152015686,measure,False,0.19114799943054095,1.74869399961608,67.93070200001239,0.010963000022456981,11.287940998954582,81.34546500150464,Rock,0.40738049149513245,False,none,False,0
68,6.943612575531006,measure,False,37.26112000003923,1.712601999315666,67.91397900087759,0.010370000381954014,12.326916999882087,119.39395199988212,Scissors,0.3294471800327301,False,none,False,0
69,7.063023090362549,measure,False,0.1891289994091494,2.2685429994453443,68.12005299980228,0.010925999958999455,11.28064499971515,84.37107800091326,Scissors,0.6014542579650879,False,none,False,0
70,7.147411584854126,measure,False,33.478584000476985,1.7089730008592596,67.98053399870696,0.01022200012812391,12.321157999394927,115.66845299967099,Scissors,0.5914080142974854,False,none,False,0
71,7.263096332550049,measure,False,0.19235100080550183,1.7258249990845798,68.01284900029714,0.010462999853189103,11.270312001215643,81.38183499977458,Scissors,0.5178927183151245,False,none,False,0
72,7.344494104385376,measure,False,32.40590499990503,1.7099910000979435,68.13182999940182,0.011202999303350225,11.256847999902675,113.71438900096109,Scissors,0.6603415012359619,False,none,False,0
73,7.45822548866272,measure,False,0.19670300025609322,1.7470279999542981,67.75520200062601,0.010666999514796771,11.278107998805353,81.15750300021318,Scissors,0.5684155225753784,False,none,False,0
74,7.539399147033691,measure,False,37.52039699975285,1.7137320010078838,67.8529239994532,0.010036999810836278,12.32219499979692,119.58658000003197,Paper,0.4189820885658264,False,none,False,0
75,7.659002304077148,measure,False,0.19214700114389416,1.7272320001211483,68.08744100089825,0.01038899972627405,11.279014999672654,81.46324200060917,Scissors,0.36040008068084717,False,none,False,0
76,7.740481853485107,measure,False,36.43969900076627,1.7136949991254369,68.26131100024213,0.01079600042430684,11.266219000390265,117.86301500069385,Paper,0.35453251004219055,False,none,False,0
77,7.858363151550293,measure,False,0.19275900012871716,1.736341999276192,67.92853500155616,0.01135200000135228,11.28066399905947,81.3204650003172,Scissors,0.30576619505882263,False,none,False,0
78,7.93969988822937,measure,False,37.22536100030993,1.706823999484186,68.20742200034147,0.00983300014922861,11.252793001403916,118.57310400046117,Scissors,0.5284175276756287,False,none,False,0
79,8.058289051055908,measure,False,0.20044399934704416,1.7556389993842458,68.07670099988172,0.011037000149372034,11.256608000621782,83.83526699981303,Scissors,0.5356651544570923,False,none,False,0
80,8.142141103744507,measure,False,30.80378400045447,2.363173000048846,68.17325600059121,0.010833000487764366,11.251071000515367,112.77917200095544,Paper,0.33161452412605286,False,none,False,0
81,8.254936695098877,measure,False,0.1921660004882142,1.7099169999710284,67.73407299988321,0.010777001079986803,11.26881199888885,81.0887810002896,Scissors,0.2362157553434372,False,none,False,0
82,8.336041927337646,measure,False,36.90756700052589,1.7092880007112399,68.52019799953268,0.1519070010544965,12.29243600027985,119.7174509998149,Rock,0.7133358716964722,True,none,False,1
83,8.455775260925293,measure,False,0.19477699970593676,1.7008430004352704,67.97007199929794,0.010406998626422137,11.272440999164246,81.31898299870954,Rock,0.3980688750743866,False,none,False,0
84,8.537110328674316,measure,False,35.852794999300386,1.7203620009240694,67.94892299876665,0.010907999239861965,11.247145001107128,116.98348299978534,Paper,0.3273215889930725,False,none,False,0
85,8.654109954833984,measure,False,0.18786900000122841,1.7308240003330866,67.80825799978629,0.15727700156276114,11.248831000557402,81.26768799957063,Rock,0.834526777267456,True,none,False,1
86,8.735392808914185,measure,False,37.57115599910321,1.7159170001832535,67.90847899901564,0.19309099843667354,12.290046999623883,119.81282000124338,Rock,0.9591805338859558,True,none,False,1
87,8.85522174835205,measure,False,0.18535100025474094,1.703971998722409,67.83010999970429,0.16590599989285693,11.241071000767988,81.26979900043807,Rock,0.9858032464981079,True,none,False,1
88,8.936507225036621,measure,False,36.471716999585624,1.7075279993150616,68.2208289999835,0.15992600128811318,12.293416999455076,118.99130599886121,Rock,0.9636164903640747,True,none,False,1
89,9.055514812469482,measure,False,0.18948099932458717,2.212747000157833,68.06972000049427,0.15498099855904002,11.274034000962274,84.3438750016503,Rock,0.9484716057777405,True,none,False,1
90,9.139874935150146,measure,False,29.12879200084717,1.695787999778986,68.04199700127356,0.1541660003567813,12.290381000639172,111.46547400130657,Rock,0.9355663061141968,True,none,False,1
91,9.25135612487793,measure,False,0.19399899974814616,1.7322130006505176,68.24590299947886,0.15699899995524902,11.260645000220393,81.72336999996332,Rock,0.9611875414848328,True,none,False,1
92,9.33309531211853,measure,False,35.903756999687175,1.6969169992080424,68.2662369999889,0.14931399891793262,12.266620999071165,118.4185490001255,Rock,0.9716871380805969,True,none,False,1
93,9.451532363891602,measure,False,0.19151699962094426,1.701712999420124,68.02955300008762,0.15892499868641607,11.268811000263668,81.48529800018878,Rock,0.9649897217750549,True,none,False,1
94,9.53303337097168,measure,False,35.97962700041535,1.7078060009225737,68.15023699891753,0.1577399998495821,11.243607999858796,117.37388899928192,Rock,0.9275964498519897,True,none,False,1
95,9.650423526763916,measure,False,0.19294300000183284,1.733917000819929,67.98538600014581,0.16474000040034298,11.266867000813363,81.48340899970208,Rock,0.9411177635192871,True,none,False,1
96,9.73192286491394,measure,False,37.09943600006227,1.7115840000769822,68.17973699980939,0.15114799862203654,11.2463490004302,118.52391899992654,Rock,0.9418867826461792,True,none,False,1
97,9.850463390350342,measure,False,0.19057299869018607,1.7317869987891754,67.80774000071688,0.15722100033599418,11.268515001574997,81.28929799931939,Rock,0.9510527849197388,True,none,False,1
98,9.931768655776978,measure,False,33.26773399930971,1.6999170002236497,67.9140530010045,0.18203600120614283,11.238237999350531,114.43573599899537,Rock,0.9703096747398376,True,none,False,1
99,10.046220302581787,measure,False,0.21188800019444898,1.7669170010776725,67.88573899939365,0.156943999172654,11.274627000602777,83.76730400050292,Rock,0.9643400311470032,True,none,False,1
100,10.130004167556763,measure,False,35.045075999732944,2.3659880007471656,68.12703299874556,0.1548689997434849,12.289657999644987,118.1223100011266,Rock,0.9405825138092041,True,none,False,1
101,10.248143434524536,measure,False,0.1919070000440115,1.7140090003522346,68.13814500128501,0.16077700092864688,11.266088999036583,81.60451900039334,Rock,0.9565210938453674,True,none,False,1
102,10.329763412475586,measure,False,35.289519999423646,1.6902689985727193,68.04659000044921,0.15198099936242215,12.182492999272654,117.5062580005033,Rock,0.9365896582603455,True,none,False,1
103,10.447285890579224,measure,False,0.18353599989495706,1.9091560006927466,68.14462700094737,0.15775800056871958,11.240644998906646,81.77527800035023,Rock,0.963466465473175,True,none,False,1
104,10.529077053070068,measure,False,35.992035000163014,1.7261390003113775,68.09457099916472,0.1572579985804623,12.292490999243455,118.40330799896037,Rock,0.9559866189956665,True,none,False,1
105,10.647496461868286,measure,False,0.19685100050992332,1.742268999805674,67.99614599913184,0.15357300071627833,11.268570999163785,81.49046400103543,Rock,0.945815920829773,True,none,False,1
106,10.729002714157104,measure,False,32.07746199950634,1.7661579986452125,68.01614500000142,0.15025900029286277,11.24166299996432,113.38981699918804,Rock,0.9451096057891846,True,none,False,1
107,10.842408657073975,measure,False,0.1881280004454311,1.746417001413647,67.85820099867124,0.15374000031442847,11.262162999628345,81.34516899917799,Rock,0.9629426002502441,True,none,False,1
108,10.923770189285278,measure,False,37.314805998903466,1.759730999765452,67.96664600005897,0.15277700003935024,12.292825000258745,119.62422800024797,Rock,0.9672611951828003,True,none,False,1
109,11.043412685394287,measure,False,0.20109199977014214,2.180007000788464,67.94849700054328,0.15342500046244822,11.255108000113978,85.17679699980363,Rock,0.9444071650505066,True,none,False,1
110,11.128605604171753,measure,False,32.495535000634845,1.74108400096884,68.17399600004137,0.15531400094914716,11.244884999541682,113.94907300018531,Rock,0.942144513130188,True,none,False,1
111,11.242570400238037,measure,False,0.19329499991727062,1.7078430009860313,68.0850709995866,0.1556109982630005,11.25290500021947,81.54131500123185,Rock,0.9532041549682617,True,none,False,1
112,11.324127674102783,measure,False,36.98356600034458,1.7502680002507987,68.32206999933987,0.14138799997454043,12.155973998233094,119.47921099999803,Rock,0.9028914570808411,True,none,False,1
113,11.443623065948486,measure,False,0.20390700046846177,1.7147130001831101,68.5057169994252,0.15699899995524902,11.269996999544674,81.98744299988903,Rock,0.8604550957679749,True,none,False,1
114,11.525627136230469,measure,False,31.49724300055823,1.7664349998085527,67.98670100033632,0.15303599866456352,12.284992000786588,113.83033199854253,Rock,0.9357799887657166,True,none,False,1
115,11.63947343826294,measure,False,0.19344300017110072,1.7354539995722007,68.10660799965262,0.15459200039913412,11.260681998464861,81.58672300123726,Rock,0.9294329285621643,True,none,False,1
116,11.721075534820557,measure,False,36.054533999049454,1.7703609992167912,67.8083870006958,0.1542209993203869,11.245884999880218,117.19749999974738,Rock,0.9142175912857056,True,none,False,1
117,11.838289022445679,measure,False,0.19042399981117342,1.7322309995506657,68.21777400000428,0.15727699974377174,11.253588998442865,81.68994399966323,Rock,0.9061105251312256,True,none,False,1
118,11.919995546340942,measure,False,37.14386200044828,1.7710100000840612,67.9296449998219,0.15507299940509256,11.246275000303285,118.38119800086133,Rock,0.9290387034416199,True,none,False,1
119,12.038393497467041,measure,False,0.18855499911296647,1.781138000296778,68.06560900076875,0.1506849985162262,12.294066000322346,84.95865000077174,Rock,0.7087595462799072,True,none,False,1
120,12.123368501663208,measure,False,33.78676799911773,2.352840001549339,68.11701500009804,0.16079599845397752,12.292047000300954,116.85089099955803,Rock,0.8621771335601807,True,none,False,1
121,12.240235567092896,measure,False,0.19196199900761712,1.7201579994434724,67.79166500018619,0.15394399997603614,11.267625999607844,81.26150199859694,Rock,0.788224458694458,True,none,False,1
122,12.321512937545776,measure,False,35.65153599993209,1.7719169991323724,68.11040400134516,0.15405500016640872,11.73508700048842,117.56251699989662,Rock,0.9092166423797607,True,none,False,1
123,12.439091920852661,measure,False,0.17629600006330293,1.6965830000117421,68.51442099832639,0.16096200124593452,11.262089001320419,81.94944400020177,Rock,0.8839646577835083,True,none,False,1
124,12.521057367324829,measure,False,32.113572999151074,1.777286999640637,68.03799699991941,0.1556290008011274,11.240997000641073,113.46401999981026,Rock,0.8728074431419373,True,none,False,1
125,12.634537935256958,measure,False,0.18470299983164296,1.7535280003357911,67.72149900098157,0.1596470010554185,11.267663001490291,81.22855800138495,Rock,0.815497100353241,True,none,False,1
126,12.715782165527344,measure,False,37.39424900049926,1.8007319995376747,68.05038600032276,0.15607299974362832,11.258589000135544,118.79773200053023,Rock,0.8187294006347656,True,none,False,1
127,12.834595203399658,measure,False,0.19438799972704146,1.7184909993375186,67.81214700095006,0.15970300046319608,11.262127000009059,81.29133500005992,Rock,0.8229302763938904,True,none,False,1
128,12.915902376174927,measure,False,37.28588000012678,1.8079720011883182,67.92707199929282,0.15811000048415735,12.295268999878317,119.60869200083835,Rock,0.8572476506233215,True,none,False,1
129,13.035528898239136,measure,False,0.17722100164974108,2.2206730009202147,68.04571999964537,0.15666600120312069,11.271403998762253,84.34922699962044,Rock,0.8244844079017639,True,none,False,1
130,13.11989450454712,measure,False,33.32028899967554,1.7738610004016664,68.09481200070877,0.1610549988981802,12.289694999708445,115.784915000404,Rock,0.8917438387870789,True,none,False,1
131,13.23569631576538,measure,False,0.2143499987141695,1.7216209998878185,68.13731100010045,0.15203600014501717,11.25523800146766,81.61520399880828,Rock,0.9058735370635986,True,none,False,1
132,13.31732726097107,measure,False,31.89589000066917,1.7844169997260906,68.01694200112252,0.15505400006077252,11.248867000176688,113.24333599986858,Paper,0.7790539860725403,True,none,False,1
133,13.430587768554688,measure,False,0.18951699894387275,1.9215270003769547,68.19427399932465,0.17036999997799285,11.248052998780622,81.86031399964122,Scissors,0.7691468000411987,True,none,False,1
134,13.512464761734009,measure,False,36.75349399964034,1.796565000404371,67.89620099880267,0.17283199849771336,12.287823999940883,119.04391600000963,Scissors,0.9408078193664551,True,none,False,1
135,13.631524801254272,measure,False,0.19855400023516268,1.7278609993809368,67.97727599951031,0.1729439991322579,11.25429300009273,81.46381599908636,Scissors,0.950443685054779,True,none,False,1
136,13.71300482749939,measure,False,36.231607000445365,1.7989530006161658,68.00829399981012,0.17687000035948586,11.243810999076231,117.59983099909732,Scissors,0.8914576768875122,True,none,False,1
137,13.830620765686035,measure,False,0.2100729998346651,1.7233799990208354,68.12910799999372,0.17240700071852189,11.274516000412405,81.64490700073657,Scissors,0.9115685224533081,True,none,False,1
138,13.91228199005127,measure,False,36.97391800051264,1.7889350001496496,67.83103499947174,0.17764799849828705,11.245367999435985,118.15658699924825,Scissors,0.8474400639533997,True,none,False,1
139,14.030455112457275,measure,False,0.18040700160781853,1.8263420006405795,67.9553499994654,0.17922199913300574,11.242625998420408,83.90176700049778,Scissors,0.8250995874404907,True,none,False,1
140,14.114374160766602,measure,False,30.89448700120556,2.420876999167376,68.19712600008643,0.17357399883621838,11.24057099877973,113.06931800027087,Scissors,0.8709920644760132,True,none,False,1
141,14.22745966911316,measure,False,0.19855400023516268,1.7136759997811168,68.04609000027995,0.1700550001260126,11.252922000494436,81.51994600120815,Scissors,0.8686051964759827,True,none,False,1
142,14.308995485305786,measure,False,36.28205099994375,1.7845279999164632,68.23543999962567,0.17325900080322754,11.244553001233726,117.86073800067243,Scissors,0.9022880792617798,True,none,False,1
143,14.426872730255127,measure,False,0.1935360014613252,2.1581000000878703,68.33851400006097,0.17718399976729415,12.27667700004531,83.28082499974698,Scissors,0.8937186598777771,True,none,False,1
144,14.51016879081726,measure,False,35.11670599982608,1.7733610002323985,68.03542299894616,0.17344399930152576,11.247829999774694,116.48657799923967,Scissors,0.886695384979248,True,none,False,1
145,14.626671552658081,measure,False,0.20753599892486818,1.7011399995681131,68.09610800155497,0.17059099991456605,11.258921998887672,81.5736120002839,Scissors,0.8685400485992432,True,none,False,1
146,14.708261728286743,measure,False,37.02817699922889,1.7876199999591336,67.91888699990523,0.17509099961898755,11.254810999162146,118.29940200004785,Scissors,0.8463260531425476,True,none,False,1
147,14.826577425003052,measure,False,0.212610000744462,1.7087500000343425,68.03655300063838,0.17344399930152576,11.262238000199432,81.53098199909437,Scissors,0.8336016535758972,True,none,False,1
148,14.908124685287476,measure,False,33.19462400031625,1.7903429998114007,68.01031199938734,0.17523899987281766,11.247274998822832,114.55708799985587,Scissors,0.8344156742095947,True,none,False,1
149,15.022700071334839,measure,False,0.1793510000425158,2.2100070000306005,68.00392399964039,0.1817030006350251,11.255368001002353,84.3532269991556,Scissors,0.8195812106132507,True,none,False,1
150,15.107069730758667,measure,False,34.248099000251386,1.769361000697245,67.83318300040264,0.18023899974650703,11.247514999922714,115.4154350006138,Scissors,0.8448447585105896,True,none,False,1
151,15.222501277923584,measure,False,0.20159199993941002,1.7413990008208202,68.1536629999755,0.1723140012472868,11.268588999882923,81.6720009988785,Scissors,0.8385419249534607,True,none,False,1
152,15.304189205169678,measure,False,37.138788000447676,1.8188800004281802,67.84742399941024,0.1737769998726435,11.248885000895825,118.3617900005629,Scissors,0.8358061909675598,True,none,False,1
153,15.422567367553711,measure,False,0.2195170000049984,1.7051769991667243,68.6438270004146,0.17688799925963394,12.293620999116683,83.18210300058126,Scissors,0.8315602540969849,True,none,False,1
154,15.505765676498413,measure,False,35.56972200021846,1.7628980003792094,67.89890499931062,0.17709099847706966,11.255163999521756,116.79926100077864,Scissors,0.8412562012672424,True,none,False,1
155,15.622581958770752,measure,False,0.21507299970835447,1.716323999062297,67.89918300091813,0.17612899864616338,11.25975600007223,81.40287199967133,Scissors,0.8296729326248169,True,none,False,1
156,15.70400094985962,measure,False,33.39262199915538,1.7764170006557833,67.68207299865026,0.1754810000420548,11.254682000071625,114.41525600093883,Scissors,0.8232656121253967,True,none,False,1
157,15.818433284759521,measure,False,0.19670200163091067,1.7302870001003612,68.01660899873241,0.15977700059011113,11.24840500051505,81.48566800082335,Paper,0.8232314586639404,True,none,False,1
158,15.89993667602539,measure,False,37.42039699864108,1.7730269992171088,68.04286800070258,0.16166600107681006,11.240978999921936,118.77875100071833,Paper,0.9681815505027771,True,none,False,1
159,16.018731832504272,measure,False,0.18875899877457414,1.8490830007067416,67.93381299939938,0.15831400014576502,11.255903998971917,83.89287799946032,Paper,0.9706723093986511,True,none,False,1
160,16.102640628814697,measure,False,34.73378200033039,2.3903199999040226,67.93366500096454,0.1587960014148848,11.24710800104367,116.60113299876684,Paper,0.9605004191398621,True,none,False,1
161,16.219258308410645,measure,False,0.2025360008701682,1.704935999441659,68.13629300086177,0.1568690004205564,11.264718999882462,81.6027219989337,Paper,0.9690927863121033,True,none,False,1
162,16.3008770942688,measure,False,36.504254001556546,1.7904169999383157,67.86125699909462,0.16273999972327147,11.249237000811263,117.70773799980816,Paper,0.9597861766815186,True,none,False,1
163,16.4186007976532,measure,False,0.21244400159048382,1.714490999802365,68.79095600015717,0.15755499953229446,11.270756000158144,82.27929300119285,Paper,0.9540996551513672,True,none,False,1
164,16.500896215438843,measure,False,36.490421000053175,1.7472680010541808,67.87370199890574,0.15459200039913412,11.249533999944106,117.64927600052033,Paper,0.9645680785179138,True,none,False,1
165,16.618561506271362,measure,False,0.19722099932550918,1.7282690005231416,67.73216500005219,0.1571100001456216,11.259533999691484,81.21335499890847,Paper,0.9671456813812256,True,none,False,1
166,16.699791431427002,measure,False,33.610509999562055,1.774768001268967,67.76462800007721,0.23094300013326574,11.239274999752524,114.75730900019698,Paper,0.9737091660499573,True,none,False,2
167,16.81456470489502,measure,False,0.2163319986721035,1.7171580002468545,67.87988599899109,0.16129499999806285,11.26534800096124,81.37835399975302,Paper,0.9769515991210938,True,none,False,1
168,16.89595913887024,measure,False,37.45126800095022,1.7709539988572942,68.06838600095944,0.16303700067510363,11.244033999901148,118.83778800074651,Paper,0.9783663153648376,True,none,False,1
169,17.01481294631958,measure,False,0.21605499932775274,2.2331550007947953,67.8261470002326,0.16296300054818857,11.258145001193043,84.18341399919882,Paper,0.9796704649925232,True,none,False,1
170,17.099012851715088,measure,False,34.40787599902251,1.7702130007819505,67.7197580007487,0.16349899851775263,11.245366998991813,115.44374999903084,Paper,0.9797178506851196,True,none,False,1
171,17.214472770690918,measure,False,0.19677700038300827,1.7282139997405466,67.81218299875036,0.16270299965981394,11.267440999290557,81.3041309993423,Paper,0.9767586588859558,True,none,False,1
172,17.295793294906616,measure,False,37.6403959999152,1.818564000132028,67.81157299883489,0.15798099957464729,11.244552999414736,118.8089739989664,Paper,0.9776033163070679,True,none,False,1
173,17.41462016105652,measure,False,0.22251699920161627,1.7225280007551191,68.4465510003065,0.1555359995109029,11.260755998591776,81.94103599998925,Paper,0.9778911471366882,True,none,False,1
174,17.496577739715576,measure,False,32.87338500012993,1.777138999386807,67.67942499936908,0.15981400065356866,11.242385999139515,113.87059099979524,Paper,0.9774649143218994,True,none,False,1
175,17.610465049743652,measure,False,0.20164800116617698,1.7952870002773125,67.94857199929538,0.1616850004211301,11.272626999925706,81.51220499894407,Paper,0.9803043007850647,True,none,False,1
176,17.691993236541748,measure,False,37.45782300029532,1.7831939985626377,67.96846100041876,0.16396200044255238,11.245681998843793,118.75456599955214,Paper,0.9792522192001343,True,none,False,1
177,17.81076455116272,measure,False,0.19405499915592372,1.7672689991741208,68.02751600116608,0.1579429990670178,11.275904000285664,81.57046299857029,Paper,0.9776625633239746,True,none,False,1
178,17.892350673675537,measure,False,37.109363000126905,1.7817129992181435,67.97455300147703,0.15474000065296423,11.253644999669632,118.41067900058988,Paper,0.9934026002883911,True,none,False,1
179,18.01078510284424,measure,False,0.19081299979006872,1.8405280006845715,67.93351599844755,0.15675800023018382,11.248441998759517,83.85967399954097,Paper,0.8697190284729004,True,none,False,1
180,18.09466052055359,measure,False,34.80959700027597,2.407191999736824,67.86785000076634,0.16338800014636945,11.260737001066445,116.65179900046496,Rock,0.9157232046127319,True,none,False,1
181,18.211329221725464,measure,False,0.20003600002382882,1.7226769996341318,68.02251499902923,0.15997999980754685,11.258385999099119,81.50740899873199,Rock,0.8885760307312012,True,none,False,1
182,18.29285168647766,measure,False,32.63368199986871,1.7851199991127942,67.9624229996989,0.16103599955386017,12.287009998544818,114.97184499967261,Rock,0.891237735748291,True,none,False,1
183,18.40783977508545,measure,False,0.1912400002765935,1.7031019997375552,68.42223599960562,0.16275800044240896,11.264218999713194,81.87698100118723,Rock,0.8782087564468384,True,none,False,1
184,18.48973250389099,measure,False,35.75435099992319,1.748251001117751,67.61916599862161,0.15709099898231216,12.292842999158893,117.7127749997453,Rock,0.9058238863945007,True,none,False,1
185,18.60746145248413,measure,False,0.19199899907107465,1.695195000138483,68.01003399959882,0.1593689994479064,11.250367000684491,81.44011200056411,Rock,0.8959276080131531,True,none,False,1
186,18.68891668319702,measure,False,36.57590199873084,1.7548979994899128,67.96688600115885,0.15548000010312535,12.289103000512114,118.88175099920772,Rock,0.893480122089386,True,none,False,1
187,18.807814836502075,measure,False,0.1928689998749178,1.708714000415057,68.06651499937288,0.16427700029453263,11.26116399973398,81.53407499958121,Rock,0.881935715675354,True,none,False,1
188,18.88936686515808,measure,False,36.13631100051862,1.7603240012249444,68.021533999854,0.15938800061121583,12.293620999116683,118.50723499992455,Rock,0.8916401267051697,True,none,False,1
189,19.007889986038208,measure,False,0.19422100012889132,2.1838409993506502,68.19149600050878,0.15477699889743235,11.262996998993913,84.44748600049934,Rock,0.8880642056465149,True,none,False,1
190,19.09235405921936,measure,False,29.214199999842094,1.7338800007564714,67.9264049995254,0.15320300008170307,12.273805999939214,111.43290000109118,Rock,0.8653578758239746,True,none,False,1
191,19.203803300857544,measure,False,0.1940359998116037,1.717638999252813,67.84016500023426,0.15764800082251895,11.255793000600534,81.30168699972273,Rock,0.8973779678344727,True,none,False,1
192,19.28512167930603,measure,False,36.409346999789705,1.7779720001271926,68.08436699975573,0.15727699974377174,12.29319500089332,118.85593599981803,Rock,0.8512862920761108,True,none,False,1
193,19.40399408340454,measure,False,0.1953510000021197,1.7156390003947308,68.29736600047909,0.16118500025186222,11.262867999903392,81.77035100015928,Rock,0.8491569757461548,True,none,False,1
194,19.485780954360962,measure,False,35.76003499983926,1.7464350003137952,68.00116399972467,0.15220199929899536,12.287861998629523,118.08564399871102,Rock,0.8374046087265015,True,none,False,1
195,19.603882551193237,measure,False,0.19398100084799808,1.711193999653915,68.03605300046911,0.15759199959575199,11.25725600104488,81.48642700143682,Rock,0.7302629351615906,True,none,False,1
196,19.685386896133423,measure,False,36.162848000458325,1.7504540010122582,68.06703399888647,0.011166999684064649,11.255033999987063,117.42125800083159,Scissors,0.6822141408920288,False,none,False,0
197,19.8028244972229,measure,False,0.1988320000236854,1.6991389984468697,67.93464600013976,0.17455400120525155,11.256071000389056,81.39922400005162,Scissors,0.8642358183860779,True,none,False,1
198,19.88424015045166,measure,False,37.32130499884079,1.775454000380705,67.7719059985975,0.17420299991499633,12.287028999708127,119.46941499991226,Scissors,0.883396327495575,True,none,False,1
199,20.00372576713562,measure,False,0.18755499877443071,1.8046020013571251,67.96988599853648,0.17635100084589794,12.289436001083232,84.89966900015133,Scissors,0.8900185227394104,True,none,False,1
200,20.088642120361328,measure,False,28.933126999618253,2.398913000433822,68.1368299992755,0.1707399987935787,11.245125999266747,111.02429199854669,Scissors,0.888018012046814,True,none,False,1
201,20.199683904647827,measure,False,0.19437000082689337,1.7568619987287093,67.86168300095596,0.17018399921653327,11.267849000432761,81.38720599890803,Scissors,0.8850191235542297,True,none,False,1
202,20.281086444854736,measure,False,36.49236600176664,1.8053059993690113,68.0796630003897,0.17355499949189834,11.253792999923462,117.94197800008988,Scissors,0.8878157138824463,True,none,False,1
203,20.399044513702393,measure,False,0.19949900161009282,1.7142130000138422,68.35236600090866,0.18468500093149487,11.253644999669632,81.84227700076008,Scissors,0.900426983833313,True,none,False,1
204,20.480902194976807,measure,False,36.686068000562955,1.741009000397753,67.83451699993748,0.1794439995137509,12.279972999749589,118.86399099967093,Scissors,0.8939284682273865,True,none,False,1
205,20.599782943725586,measure,False,0.20120299996051472,1.7187499997817213,67.75246200049878,0.17373999980918597,11.25901599880308,81.24007699916547,Scissors,0.8903836011886597,True,none,False,1
206,20.681039094924927,measure,False,36.56821600088733,1.7854170000646263,68.23314400025993,0.17586899957677815,11.245830999541795,118.1476069996279,Scissors,0.8750159740447998,True,none,False,1
207,20.79920244216919,measure,False,0.20851800036325585,1.7116020007961197,67.96053499965637,0.157722000949434,11.2572750003892,81.43083499999193,Paper,0.7955737113952637,True,none,False,1
208,20.880649089813232,measure,False,32.97247600130504,1.768953999999212,68.16371899913065,0.15609199908794835,11.25490400045237,114.45016200013924,Paper,0.9859869480133057,True,none,False,1
209,20.995115995407104,measure,False,0.19512799917720258,1.7154540000774432,68.02929399964341,0.15916600023047067,11.270090000834898,81.50320499953523,Paper,0.9771362543106079,True,none,False,1
210,21.076635360717773,measure,False,34.583745000418276,1.960583000254701,68.13734800016391,0.16872100059117656,11.244070999964606,118.62804799966398,Paper,0.975837230682373,True,none,False,1
211,21.195279598236084,measure,False,0.1980359993467573,2.373525001530652,67.89864599886641,0.16007300109777134,11.262588999670697,82.02575799987244,Paper,0.9790647625923157,True,none,False,1
212,21.277321338653564,measure,False,36.31716299969412,1.8062320013996214,67.87770099981572,0.16055400010372978,12.295657999857212,118.59710399949108,Paper,0.9806532263755798,True,none,False,1
213,21.395933628082275,measure,False,0.2006659997277893,1.7276580001635011,68.17936600054963,0.16098100059025455,11.271737999777542,81.67144500112045,Paper,0.9821003675460815,True,none,False,1
214,21.47762131690979,measure,False,36.0253670005477,1.7681760000414215,68.10007100102666,0.15870300012466032,11.243441000260646,117.43283200121368,Paper,0.9796363115310669,True,none,False,1
215,21.595070123672485,measure,False,0.20086900076421443,1.7237869997188682,68.11868200020399,0.16535100075998344,11.272163999819895,81.62359399830166,Paper,0.9791514873504639,True,none,False,1
216,21.676710844039917,measure,False,32.949791000646655,1.7646209998929407,68.0044779983291,0.15751799946883693,11.252477999732946,114.26368200045545,Paper,0.9861003756523132,True,none,False,1
217,21.790990591049194,measure,False,0.1973690013983287,1.7113979993155226,68.13392299955012,0.1591100008226931,11.25492299979669,81.59451899882697,Paper,0.9838452339172363,True,none,False,1
218,21.872601985931396,measure,False,37.06656599933922,1.7533430000185035,68.2131820012728,0.16327699995599687,12.28743600040616,119.6256170005654,Paper,0.9848799705505371,True,none,False,1
219,21.992244482040405,measure,False,0.19625799905043095,1.754564998918795,68.05233100021724,0.1590550000400981,11.270181999861961,81.56375999897136,Paper,0.9839609265327454,True,none,False,1
220,22.073825359344482,measure,False,33.48108499994851,2.1207480003795354,68.0359790003422,0.1632959993003169,11.238459999731276,117.53685000076075,Paper,0.9825851917266846,True,none,False,1
221,22.19137740135193,measure,False,0.1983699985430576,1.7358789991703816,68.13862700073514,0.1625179993425263,11.256108000452514,81.63811200029158,Paper,0.9822434186935425,True,none,False,1
222,22.27303147315979,measure,False,36.65823499977705,1.772010000422597,67.99088600018877,0.15572099982819054,11.241812000662321,117.95542199979536,Paper,0.977038562297821,True,none,False,1
223,22.39100456237793,measure,False,0.19344400061527267,1.7065829997591209,68.11170100081654,0.15664700003981125,11.271738001596532,81.58250100132136,Paper,0.9825270771980286,True,none,False,1
224,22.472602367401123,measure,False,33.098679001341225,1.7579909999767551,68.04471900068165,0.1532400001451606,11.253942000621464,114.44323700015957,Paper,0.981277346611023,True,none,False,1
225,22.587061643600464,measure,False,0.19381399943085853,1.7349539994029328,67.98414500008221,0.1579429990670178,11.265441999057657,81.47863100020913,Paper,0.9820441603660583,True,none,False,1
226,22.6685574054718,measure,False,37.16069499932928,1.7698610008665128,67.95231300020532,0.15038799938338343,11.249922999923001,118.41941999955452,Paper,0.9835039973258972,True,none,False,1
227,22.78699231147766,measure,False,0.18690599972615018,1.7142689994216198,67.8531829998974,0.15379599972220603,11.28388500001165,81.32835399919713,Paper,0.9804435968399048,True,none,False,1
228,22.86833691596985,measure,False,37.376416999904905,1.774620001015137,68.05401599922334,0.15266599984897766,12.294139000005089,119.78608000026725,Paper,0.9782904386520386,True,none,False,1
229,22.98813819885254,measure,False,0.18936900050903205,1.713157000267529,67.75177700001223,0.15164800061029382,11.261608000495471,81.20398400023987,Paper,0.977423906326294,True,none,False,1
230,23.069358110427856,measure,False,34.03041500132531,1.819287001126213,67.89292399844271,0.15198099936242215,11.249367000345956,117.614720000347,Paper,0.982313334941864,True,none,False,1
231,23.186989068984985,measure,False,0.18114700105797965,2.3595429993292782,67.80448000063188,0.16920300004130695,11.272571000517928,81.92209200024081,Paper,0.9885809421539307,True,none,False,1
232,23.268927097320557,measure,False,32.80640299999504,1.7852870005299337,68.16982999953325,0.15931400048430078,12.2836760001519,115.34049199872243,Paper,0.9776562452316284,True,none,False,1
233,23.384284734725952,measure,False,0.18818399985320866,1.7181950006488478,67.93227599882812,0.16435100042144768,11.278830999799538,81.41961299952527,Paper,0.9593414664268494,True,none,False,1
234,23.4657199382782,measure,False,36.03366400056984,1.7933790004462935,68.07227500030422,0.16220200086536352,11.246588999711093,117.4435730008554,Paper,0.9555899500846863,True,none,False,1
235,23.58317995071411,measure,False,0.2039619994320674,1.7018990001815837,67.99603400031629,0.15977700059011113,11.282108000159496,81.47487200039905,Paper,0.9714515805244446,True,none,False,1
236,23.664670705795288,measure,False,37.09239999989222,1.7757870009518228,68.00977499915462,0.1574810012243688,11.241127000175766,118.41515999913099,Paper,0.9642625451087952,True,none,False,1
237,23.78310203552246,measure,False,0.2001289994950639,1.7130289998021908,68.04583000121056,0.15497999993385747,11.265625998930773,81.51525999892328,Paper,0.97441166639328,True,none,False,1
238,23.864633798599243,measure,False,37.13600999981281,1.7724350000207778,68.00658999964071,0.15931400048430078,11.242294000112452,118.45508600163157,Paper,0.9736239314079285,True,none,False,1
239,23.983105182647705,measure,False,0.19792500097537413,1.7108619995269692,67.95220099957078,0.16049899932113476,11.260349001531722,81.4189089996944,Paper,0.9715063571929932,True,none,False,1
240,24.064540147781372,measure,False,34.87559600034729,2.1225809996394673,67.94938700113562,0.1606660007382743,11.246330999711063,118.84721400019771,Paper,0.9725329875946045,True,none,False,1
241,24.183403491973877,measure,False,0.197055000171531,1.7181570001412183,68.12664500102983,0.1631659997656243,11.266200999671128,81.60255599977972,Paper,0.9732624888420105,True,none,False,1
242,24.26502251625061,measure,False,32.773476999864215,1.7711569998937193,67.81673899968155,0.1564249996590661,11.247071000980213,113.90535100144916,Paper,0.9730817675590515,True,none,False,1
243,24.37894344329834,measure,False,0.19544300084817223,1.704193999103154,67.95057199997245,0.16474000040034298,11.25336699988111,81.40774200001033,Paper,0.9748823642730713,True,none,False,1
244,24.46036672592163,measure,False,37.43502699944656,1.763083000696497,67.90333100070711,0.15907400120340753,12.291861999983666,119.6879130002344,Paper,0.9759564399719238,True,none,False,1
245,24.580071210861206,measure,False,0.19351800074218772,1.7078609998861793,67.95514599980379,0.16248000065388624,11.268848998952308,81.42081599908124,Paper,0.9795535802841187,True,none,False,1
246,24.661508083343506,measure,False,36.30436700041173,1.7633979987294879,68.1352749998041,0.15648099906684365,11.256736999712302,117.75240399947506,Paper,0.9721331596374512,True,none,False,1
247,24.779276609420776,measure,False,0.19518400040396955,1.7176580004161224,68.04168199960259,0.16457300080219284,11.262034000537824,81.52137199977005,Paper,0.9778318405151367,True,none,False,1
248,24.8608136177063,measure,False,37.00962199945934,1.7644540002947906,67.97849800022959,0.1656280001043342,12.296065000555245,119.34911899879808,Paper,0.9822008609771729,True,none,False,1
249,24.980177640914917,measure,False,0.1959430010174401,1.726769000015338,67.88062799932959,0.16348099961760454,11.280200000328477,81.37670600081037,Paper,0.9803009629249573,True,none,False,1
250,25.061569929122925,measure,False,29.918252001152723,1.842546000261791,68.145403998642,0.16062900067481678,11.242553000556654,113.77716600145504,Paper,0.9766727685928345,True,none,False,1
251,25.175363540649414,measure,False,0.2082209994114237,2.390432000538567,67.86453499989875,0.162832000569324,11.284792999504134,82.04649800063635,Paper,0.9789855480194092,True,none,False,1
252,25.257426500320435,measure,False,36.42162500000268,1.7911949998961063,67.84309100112296,0.1593509987287689,11.251256000832655,117.6015910004935,Paper,0.977448582649231,True,none,False,1
253,25.375044107437134,measure,False,0.20099900029890705,1.7104910002672113,68.01727499987464,0.16225800027314108,11.258090000410448,81.48531600090791,Paper,0.980358362197876,True,none,False,1
254,25.456545114517212,measure,False,37.30891600025643,1.787490000424441,68.07014599871763,0.1674799987085862,11.237720000281115,118.70704800094245,Paper,0.982631504535675,True,none,False,1
255,25.575268745422363,measure,False,0.20190600116620772,1.7150100011349423,67.99847900038003,0.1587210008437978,11.275107999608736,81.48590800010425,Paper,0.9715241193771362,True,none,False,1
256,25.656771421432495,measure,False,37.093139999342384,1.7573429995536571,67.84527600029833,0.1471659998060204,11.246144998949603,118.22921699967992,Paper,0.7690321803092957,True,none,False,1
257,25.77501654624939,measure,False,0.20442499953787774,1.7119170006481,67.95999799942365,0.010351999662816525,11.274125999989337,81.33326100141858,Paper,0.5696676969528198,False,none,False,0
258,25.85636615753174,measure,False,33.515862000058405,1.7735460005496861,67.74690599922906,0.01070300095307175,11.258756001552683,114.4739400006074,Paper,0.4614012539386749,False,none,False,0
259,25.970856189727783,measure,False,0.19779600006586406,1.7095279999921331,68.04940400070336,0.009999999747378752,11.277775000053225,81.41251999950327,Paper,0.5738072395324707,False,none,False,0
260,26.05228590965271,measure,False,35.25402000013855,2.149654999811901,68.0372749993694,0.010924999514827505,11.252922999119619,119.22154599960777,Paper,0.5597465634346008,False,none,False,0
261,26.1715247631073,measure,False,0.19992499983345624,1.7405839989805827,68.06168200091633,0.010574000043561682,11.277014998995583,81.46420499906526,Paper,0.5927603244781494,False,none,False,0
262,26.253005266189575,measure,False,36.8918259991915,1.806213000236312,68.01364599959925,0.010444999134051614,11.260885999945458,118.1556070005172,Scissors,0.35118427872657776,False,none,False,0
263,26.371177196502686,measure,False,0.20227599998179357,1.7032129999279277,68.12734899904171,0.010148000001208857,11.291015000097104,81.50374099932378,Scissors,0.5151938199996948,False,none,False,0
264,26.452697038650513,measure,False,37.21123200011789,1.8532490012148628,68.0283679994318,0.010517998816794716,11.259515000347164,118.53408600109105,Paper,0.4225761592388153,False,none,False,0
265,26.571247339248657,measure,False,0.20679599947470706,1.7051579998224042,68.03612700059603,0.010592999387881719,11.281163000603556,81.41124299982039,Paper,0.38076677918434143,False,none,False,0
266,26.65267515182495,measure,False,33.24825200070336,1.755286999468808,68.13536700065015,0.16362899987143464,11.254590001044562,114.6909199997026,Scissors,0.7314128875732422,True,none,False,1
267,26.7673819065094,measure,False,0.200276999748894,1.7071390011551557,67.96579399997427,0.010944000678136945,11.291090000668191,81.34552100091241,Scissors,0.35743454098701477,False,none,False,0
268,26.84874391555786,measure,False,37.188045998846064,1.7508799992356217,67.92316400060372,0.011333000657032244,11.268255999311805,118.31143900053576,Paper,0.34493374824523926,False,none,False,0
269,26.967073678970337,measure,False,0.20125800074310973,1.6946209998423,68.13862600029097,0.009981999028241262,11.27240500136395,81.49038999908953,Paper,0.26034030318260193,False,none,False,0
270,27.048580408096313,measure,False,34.9799850009731,1.8131939996237634,67.67818499974965,0.011018999430234544,11.274385999058723,118.28773500019452,Paper,0.19390541315078735,False,none,False,0
271,27.166884899139404,measure,False,0.20192499869153835,2.3753950008540414,67.87710999924457,0.011129999620607123,11.303367000436992,81.93549899988284,Paper,0.2277030646800995,False,none,False,0
272,27.248836994171143,measure,False,37.11443700012751,1.7536020004627062,67.911127998741,0.010722000297391787,11.275663999185781,118.2397350003157,Paper,0.2378808706998825,False,none,False,0
273,27.367093086242676,measure,False,0.20590700114553329,1.7144730009022169,68.3004959992104,0.010629999451339245,11.266182000326808,81.66703700044309,Paper,0.2790856659412384,False,none,False,0
274,27.448777437210083,measure,False,37.18954699979804,1.7366939991916297,67.89231299990206,0.010925999958999455,11.261812000157079,118.26838299930387,Paper,0.2782394587993622,False,none,False,0
275,27.56706166267395,measure,False,0.19372099995962344,1.701787999991211,67.76242399973853,0.010611000107019208,11.274070999206742,81.11065199955192,Paper,0.24183054268360138,False,none,False,0
276,27.648189306259155,measure,False,33.77161999924283,1.764935999744921,67.90109000030498,0.010648000170476735,11.258200000156648,114.87584499991499,Paper,0.20745493471622467,False,none,False,0
277,27.763081550598145,measure,False,0.19462899945210665,1.7195840009662788,67.90379399899393,0.011110998457297683,11.280942000666982,81.28663199931907,Paper,0.2654763460159302,False,none,False,0
278,27.84438467025757,measure,False,37.58756299976085,1.755786999638076,67.88416500057792,0.011110998457297683,11.253589000261854,118.66245500095829,Paper,0.22583137452602386,False,none,False,0
279,27.963064193725586,measure,False,0.19899899962183554,1.7080459983844776,67.95805399997334,0.010166000720346346,11.280570999588235,81.32326099985221,Paper,0.2016826719045639,False,none,False,0
280,28.04440450668335,measure,False,35.234650000347756,2.11430399940582,68.06333000167797,0.011037000149372034,11.260033999860752,119.19823100106441,Paper,0.2134346216917038,False,none,False,0
281,28.16361904144287,measure,False,0.19229499957873486,1.7291200001636753,67.7775730000576,0.009871000656858087,11.284311000054004,81.15937399998074,Paper,0.28475871682167053,False,none,False,0
282,28.24479579925537,measure,False,37.194139000348514,1.7418799998267787,67.89609000043129,0.010277999535901472,11.252181999225286,118.26912499964237,Paper,0.21048611402511597,False,none,False,0
283,28.363081693649292,measure,False,0.1926280001498526,1.7179730002681026,68.22321799882047,0.010388001101091504,12.277436000658781,82.58714399926248,Paper,0.30043068528175354,False,none,False,0
284,28.445685386657715,measure,False,32.336330999896745,1.7485469998064218,67.85786799991911,0.010834000931936316,11.257922998993308,113.3855570005835,Paper,0.2588253617286682,False,none,False,0
285,28.55908727645874,measure,False,0.2005360001930967,1.7038610003510257,67.92668300113291,0.010073999874293804,11.281422999672941,81.29394699972181,Paper,0.25317269563674927,False,none,False,0
286,28.640397787094116,measure,False,37.628971000231104,1.7521019999549026,67.8301839998312,0.010314999599358998,11.259626000537537,118.65312200097833,Paper,0.2703660726547241,False,none,False,0
287,28.759067058563232,measure,False,0.1958880002348451,1.7078609998861793,68.09375599914347,0.010574000043561682,11.272977999396971,81.45431599950825,Paper,0.27705374360084534,False,none,False,0
288,28.840538263320923,measure,False,37.49739699924248,1.7583049993845634,68.19644099959987,0.010425999789731577,11.269959999481216,118.90534399935859,Paper,0.2831503450870514,False,none,False,0
289,28.959460258483887,measure,False,0.20479600061662495,1.7070649992092513,68.0684779999865,0.01048099875333719,11.295774998870911,81.45366800090414,Paper,0.3167475461959839,False,none,False,0
290,29.040931224822998,measure,False,34.72433699971589,1.843213000029209,67.73662799969316,0.010740999641711824,11.26881199888885,118.1226249991596,Paper,0.5164196491241455,False,none,False,0
291,29.159070014953613,measure,False,0.20281399883970153,2.391783998973551,67.89709000076982,0.01048199919750914,11.286163999102428,81.95646199965267,Paper,0.4074821174144745,False,none,False,0
292,29.24104380607605,measure,False,33.01773499879346,1.7432309996365802,67.91820200123766,0.010648000170476735,11.267423000390409,114.13201699906494,Paper,0.3200419247150421,False,none,False,0
293,29.355192184448242,measure,False,0.2064060008706292,1.7903419993672287,67.70418400083145,0.011111000276287086,11.281793000307516,81.16592899932584,Paper,0.4790761470794678,False,none,False,0
294,29.43637466430664,measure,False,37.68093299913744,1.7025650013238192,67.93231299889158,0.010833000487764366,11.278071000560885,118.77841799832822,Paper,0.2850487530231476,False,none,False,0
295,29.55517053604126,measure,False,0.20090600082767196,1.781083999958355,67.91362700096215,0.009944000339601189,11.275866998403217,81.35052000034193,Paper,0.28228268027305603,False,none,False,0
296,29.636537790298462,measure,False,37.536359999648994,1.7489910005679121,67.90234900108771,0.010240000847261399,11.257460000706487,118.6244929995155,Paper,0.29216697812080383,False,none,False,0
297,29.755178451538086,measure,False,0.2011479991779197,1.792786999430973,67.90786800047499,0.010296000255038962,11.290701000689296,81.37185400119051,Paper,0.30666881799697876,False,none,False,0
298,29.83656668663025,measure,False,37.52395199990133,1.744916999086854,67.75644300068961,0.010574000043561682,11.26959000066563,118.47621600099956,Paper,0.296175479888916,False,none,False,0
299,29.95506000518799,measure,False,0.20294400019338354,1.7639349989622133,68.17514500107791,0.010887999451369978,11.2800340011745,81.60411099925113,Paper,0.30852362513542175,False,none,False,0
300,30.03668212890625,measure,False,30.064769000091474,2.158674000384053,67.7956469990022,0.010611000107019208,11.260126000706805,114.78986499969324,Paper,0.27931904792785645,False,none,False,0
301,30.151488780975342,measure,False,0.2039989994955249,1.7323250012850622,68.14951500018651,0.010314999599358998,11.283108000498032,81.54557500165538,Paper,0.27159905433654785,False,none,False,0
302,30.23305034637451,measure,False,37.062122000861564,1.7678980002528988,67.7252959994803,0.010721998478402384,11.266052999417298,118.00890300037281,Paper,0.2511208653450012,False,none,False,0
303,30.351075887680054,measure,False,0.20374000087031163,1.7029909995471826,68.01033099873166,0.010924999514827505,11.268699998254306,81.36694700078806,Paper,0.23680034279823303,False,none,False,0
304,30.43245840072632,measure,False,37.63202600021032,1.71441699967545,68.07846000083373,0.010666999514796771,11.268570999163785,118.87519500123744,Paper,0.25296443700790405,False,none,False,0
305,30.551350355148315,measure,False,0.20394300008774735,1.7121950004366226,67.82242400004179,0.010814999768626876,11.287404999166029,81.20411300114938,Paper,0.23385906219482422,False,none,False,0
306,30.632570505142212,measure,False,37.56245200020203,1.7562510001880582,68.20669999979145,0.010648000170476735,11.270348000834929,118.98176900103863,Paper,0.22079072892665863,False,none,False,0
307,30.751569986343384,measure,False,0.2074980002362281,1.714769001409877,67.84325699845795,0.010666999514796771,11.28329300081532,81.22729899878323,Paper,0.2311023473739624,False,none,False,0
308,30.832813501358032,measure,False,37.32447299989872,1.746343001286732,68.26940300015849,0.010462999853189103,11.258942000495153,118.78275100025348,Paper,0.23432758450508118,False,none,False,0
309,30.951613903045654,measure,False,0.2007019993470749,1.705492000837694,67.90253500003018,0.011000000085914508,11.276422999799252,81.26568799889355,Paper,0.22413936257362366,False,none,False,0
310,31.032896995544434,measure,False,30.891190999682294,1.8281199991179164,68.22127399937017,0.010759000360849313,11.254442000790732,114.72288400000252,Paper,0.24443477392196655,False,none,False,0
311,31.14763641357422,measure,False,0.20848100029979832,2.3852650010667276,67.77755499933846,0.010073999874293804,11.293088999082102,81.84966599947074,Paper,0.22881872951984406,False,none,False,0
312,31.229503393173218,measure,False,36.654715999247856,1.7678790009085787,68.0483309988631,0.011111000276287086,11.257090000071912,117.91273800008639,Paper,0.22380533814430237,False,none,False,0
313,31.34743356704712,measure,False,0.20501700055319816,1.7389170006936183,68.0210159989656,0.010185000064666383,11.287329998594942,81.42765000047802,Paper,0.22366882860660553,False,none,False,0
314,31.428877115249634,measure,False,37.26523099976475,1.7083620004996192,67.81136899917328,0.010961999578285031,12.300473001232604,119.26898999990954,Paper,0.20381519198417664,False,none,False,0
315,31.548162698745728,measure,False,0.20418399981281254,1.7362130001856713,67.73968399829755,0.009925999620463699,11.27797799927066,81.13624399993569,Paper,0.261873722076416,False,none,False,0
316,31.62931537628174,measure,False,36.85847499946249,1.7721759995765751,68.29358799950569,0.011222000466659665,11.27220000125817,118.37925299914787,Paper,0.19608230888843536,False,none,False,0
317,31.747711658477783,measure,False,0.20229500114510302,1.7327870009467006,68.13232999957108,0.010444999134051614,11.292219000097248,81.5384819998144,Paper,0.24145080149173737,False,none,False,0
318,31.82926630973816,measure,False,32.92605100068613,1.7491020007582847,68.16358899959596,0.011092999557149597,11.249071001657285,114.26836699865817,Paper,0.26359277963638306,False,none,False,0
319,31.943551540374756,measure,False,0.20327700076450128,1.7311949995928444,67.71918400045251,0.01009199877444189,11.275774000750971,81.1065409998264,Paper,0.26175248622894287,False,none,False,0
320,32.024675130844116,measure,False,35.15581700048642,1.7313240005023545,67.90777599962894,0.010944000678136945,11.262588999670697,118.59680700035824,Paper,0.21267110109329224,False,none,False,0
321,32.143288373947144,measure,False,0.20257300093362574,1.7393239995726617,68.0088680001063,0.010185000064666383,11.271274999671732,81.40724199984106,Paper,0.25473108887672424,False,none,False,0
322,32.22471261024475,measure,False,37.49558299932687,1.7555840004206402,67.85983099871373,0.010833999112946913,11.260423001658637,118.55471600028977,Paper,0.26338478922843933,False,none,False,0
323,32.343283891677856,measure,False,0.198961999558378,1.7423799999960465,68.09714499831898,0.010722000297391787,11.272625999481534,81.4899079996394,Paper,0.2941184341907501,False,none,False,0
324,32.42479109764099,measure,False,37.39808300088043,1.7179719998239307,68.21732999924279,0.010462999853189103,11.255330999119906,118.77117699987139,Paper,0.23990550637245178,False,none,False,0
325,32.54357957839966,measure,False,0.21483199998328928,1.7250469991267892,67.92553400009638,0.010351999662816525,11.27114500013704,81.31835399944976,Paper,0.313130259513855,False,none,False,0
326,32.62491464614868,measure,False,33.316937000563485,1.769972999682068,67.96983099957288,0.01079600042430684,11.252848000367521,114.49277399879065,Paper,0.271633118391037,False,none,False,0
327,32.7394232749939,measure,False,0.19614699886005837,1.7375650004396448,67.92366499939817,0.010574000043561682,11.272034000285203,81.3069470004848,Paper,0.24324238300323486,False,none,False,0
328,32.82074594497681,measure,False,37.50617500008957,1.765713001077529,67.85999899875605,0.009907000276143663,11.252942000282928,118.56686400096805,Paper,0.29677435755729675,False,none,False,0
329,32.93932914733887,measure,False,0.1959429991984507,1.7433980010537198,68.05666400032351,0.010925999958999455,11.273052001342876,81.45470499948715,Paper,0.2714635133743286,False,none,False,0
330,33.020801067352295,measure,False,35.059317999184714,1.7404909995093476,68.07355300043127,0.010943998859147541,11.261108000326203,118.69388100058131,Paper,0.2542368769645691,False,none,False,0
331,33.139511823654175,measure,False,0.19348000023455825,1.7341759994451422,67.94636800077569,0.010482001016498543,11.274201000560424,81.32979800029716,Paper,0.2667548656463623,False,none,False,0
332,33.22085738182068,measure,False,37.40093499982322,1.76932499925897,68.11581100009789,0.01075899854185991,11.263590000453405,118.73469599959208,Paper,0.27759498357772827,False,none,False,0
333,33.339609146118164,measure,False,0.19862800036207773,1.7082319991459372,67.9070900005172,0.010259000191581436,11.275533999651088,81.26946499942278,Paper,0.2545629143714905,False,none,False,0
334,33.420894622802734,measure,False,33.35216000050423,1.6973990004771622,68.06836699979613,0.01070300095307175,11.266886000157683,114.5719950000057,Paper,0.2785428762435913,False,none,False,0
335,33.53548312187195,measure,False,0.2017029983107932,1.739045999784139,68.05942400023923,0.01040700044541154,12.3039729987795,82.4830519995885,Paper,0.2855498194694519,False,none,False,0
336,33.617982625961304,measure,False,36.29986600026314,1.7614160005905433,68.07257199943706,0.010518999260966666,11.258218999500968,117.57159099943237,Paper,0.24781359732151031,False,none,False,0
337,33.735570669174194,measure,False,0.19507300021359697,1.7231769998033997,68.01797799926135,0.011037000149372034,11.267810999925132,81.39261299947975,Paper,0.2636664807796478,False,none,False,0
338,33.81697916984558,measure,False,37.31169400089129,1.7513799994048895,68.14621900048223,0.010074001693283208,11.262793999776477,118.66021499918133,Paper,0.2753066420555115,False,none,False,0
339,33.93565583229065,measure,False,0.2038689999608323,1.7241390014532954,67.99440499889897,0.010443998689879663,11.274997001237352,81.37565000106406,Paper,0.28690105676651,False,none,False,0
340,34.01704812049866,measure,False,34.90220599996974,1.7527689997223206,68.07221899907745,0.010555000699241646,11.26320100047451,118.51652999939688,Paper,0.27266204357147217,False,none,False,0
341,34.13557982444763,measure,False,0.20670199955930002,1.7305830006080214,67.97925699902407,0.010833000487764366,11.277941001026193,81.37863100091636,Paper,0.30286696553230286,False,none,False,0
342,34.21697545051575,measure,False,37.341120001656236,1.7569720002938993,67.96897899948817,0.011147998520755209,11.269458998867776,118.52278999867849,Paper,0.25528717041015625,False,none,False,0
343,34.33551502227783,measure,False,0.20281399883970153,1.7413979985576589,67.94814600107202,0.010925999958999455,11.267181998846354,81.34392800093337,Paper,0.2766893208026886,False,none,False,0
344,34.41687560081482,measure,False,33.42521500053408,1.7011950003507081,67.80705399978615,0.010240999472443946,11.264848999417154,114.3785519998346,Paper,0.2532898783683777,False,none,False,0
345,34.53127121925354,measure,False,0.19668399909278378,1.7287139999098144,67.98014499872806,0.010370000381954014,11.264867000136292,81.35574299922155,Paper,0.23487018048763275,False,none,False,0
346,34.6126434803009,measure,False,37.69230299985793,1.761564999469556,67.97988600010285,0.010574000043561682,11.26068200028385,118.87599200053955,Paper,0.23674751818180084,False,none,False,0
347,34.73153638839722,measure,False,0.2025359990511788,1.7317869987891754,67.93588700020337,0.01105499904952012,11.282310999376932,81.33616800114396,Paper,0.25185924768447876,False,none,False,0
348,34.812888622283936,measure,False,37.458396998772514,1.7635099993640324,67.7879060003761,0.010592999387881719,11.256032999881427,118.44912400010799,Paper,0.24970343708992004,False,none,False,0
349,34.93135404586792,measure,False,0.19949899979110342,1.72625000050175,67.7207400003681,0.010425999789731577,11.290238000583486,81.11857699987013,Paper,0.28283920884132385,False,none,False,0
